Unicorn Farts,A wonderful bag of fresh unicorn farts,999,99,,FALSE,unicorn_farts.png
Lucky Unicorn Shoe,A gift of magical luck for your special someone. ,3499,50,,FALSE,lucky_uni_shoe.jpg
Unicorn Fun Mug,Your morning coffee will be extra special with a little Unicorn humor,1599,80,,FALSE,uni_puke_mug.png
You Are My Unicorn,Let your loved one know how special they are with this sweet charm.,1499,20,,FALSE,my_unicorn_necklace.png
Unicorn Ate My Homework Tee,Everyone needs magical excuses in life,1999,40,,FALSE,uni_ate_hm_tee.png
Unicorn Bedspread,Add a little magic to your dreams,6999,30,,FALSE,uni_bed_spread.png
Eat Cake Like a Unicorn,Fun magical Tee,1999,45,,FALSE,uni_cake_tee.png
Magical Chair,Unicorn chair for the your inner princess,7499,15,,FALSE,uni_chair.png
Unicorn Flats,Magic for the comfy cute days,3499,56,,FALSE,uni_flats.png
Unicorn Horn Necklace,Always be a Unicorn with this magical charm,2499,10,,FALSE,uni_horn_necklace.png
Unicorn Light-up Slippers,Magical comfy's for your feet,2499,100,,FALSE,uni_light_up_slippers.png
"""Always be a Unicorn"" Wall art",Bring a little magic into your home with this upcycled wall art. ,2299,30,,FALSE,uni_old_book_art.png
Unicorn Pillow 1,To make your dreams a little sweeter,1499,30,,FALSE,uni_pillow.png
Unicorn Pillow 2,To make your dreams a little sweeter,1499,30,,FALSE,uni_pllw.png
Unicorn Platforms,Magical shoes for your inner party girl,5699,40,,FALSE,uni_platforms.png
Unicorn ring,For all the unicorn lovers on your gift list,1899,20,,FALSE,uni_ring.png
Unicorn Steampunk Necklace,Handmade steampunk unicorn design,2499,20,,FALSE,uni_steampunk_necklace.png
Purple Unicorn Wall Art,Handprinted Unicorn art,1899,15,,FALSE,uni_wall_art.png
Unicorn Wall Mount,A must have for every Unicorn Believer,6499,25,,FALSE,uni_wall_mount.png
Sparkly Poo,One dozen tasty treats for any occasion ,999,15,,FALSE,uni_poo.png
Magical Horn Cookies,One dozen tasty treats for any occasion ,1299,15,,FALSE,horn_magic_cookie.png
Gin of Tears,The magical way to forget all your sorrows,9999,10,,FALSE,unicorn_liqueur.png
